ppg,comp_ppg,relationship,_origin
NUTTY_CARAMEL_SINGLE,TOFFEE_BISCUIT_SINGLE,INTRA,true
NUTTY_CARAMEL_SINGLE,CLASSIC_MILK_SINGLE,INTER,true
NUTTY_CARAMEL_SINGLE,JUICY_CHEWS_PEG,INTRA,distractor
TOFFEE_BISCUIT_SINGLE,NUTTY_CARAMEL_SINGLE,INTRA,true
TOFFEE_BISCUIT_SINGLE,CRISPY_WAFER_SINGLE,INTER,true
TOFFEE_BISCUIT_SINGLE,RAINBOW_SQUARES_PEG,INTER,distractor
BLISS_SILK_BAR,CLASSIC_MILK_SINGLE,INTER,true
BLISS_SILK_BAR,DELUXE_TRUFFLE_SHAREBAG,INTER,distractor
HAPPY_BUTTONS_PEG,JUICY_CHEWS_PEG,INTRA,true
HAPPY_BUTTONS_PEG,DELUXE_TRUFFLE_SHAREBAG,INTER,true
HAPPY_BUTTONS_PEG,NUTTY_CARAMEL_SINGLE,INTRA,distractor
ARCTIC_MINT_GUM,ICE_BREEZE_GUM,INTRA,true
ARCTIC_MINT_GUM,SMOOTH_MINT_GUM,INTER,true
ARCTIC_MINT_GUM,TOFFEE_BISCUIT_SINGLE,INTRA,distractor
JUICY_CHEWS_PEG,CHEWY_BEARS_PEG,INTER,true
JUICY_CHEWS_PEG,HAPPY_BUTTONS_PEG,INTRA,distractor
