ppg,list_price,gmargin,cogs_per_unit
NUTTY_CARAMEL_SINGLE,2.0,0.42,0.748
TOFFEE_BISCUIT_SINGLE,2.0,0.42,0.748
HAPPY_BUTTONS_PEG,5.41,0.42,2.024
BLISS_SILK_BAR,2.31,0.42,0.864
GOLDEN_MALT_POUCH,5.1,0.42,1.908
ARCTIC_MINT_GUM,2.77,0.42,1.038
ICE_BREEZE_GUM,2.77,0.42,1.038
JUICY_CHEWS_PEG,4.94,0.42,1.85
CLASSIC_MILK_SINGLE,1.94,0.42,0.725
CRISPY_WAFER_SINGLE,2.0,0.42,0.748
DELUXE_TRUFFLE_SHAREBAG,6.96,0.42,2.604
SMOOTH_MINT_GUM,2.62,0.42,0.98
RAINBOW_SQUARES_PEG,4.79,0.42,1.792
CHEWY_BEARS_PEG,4.63,0.42,1.734
