ppg,true_beta_price,true_beta_feat,true_beta_disp
NUTTY_CARAMEL_SINGLE,-2.6,0.45,0.3
TOFFEE_BISCUIT_SINGLE,-2.3,0.4,0.28
HAPPY_BUTTONS_PEG,-1.9,0.55,0.42
BLISS_SILK_BAR,-2.8,0.38,0.25
GOLDEN_MALT_POUCH,-2.1,0.5,0.4
ARCTIC_MINT_GUM,-1.6,0.3,0.18
ICE_BREEZE_GUM,-1.7,0.28,0.16
JUICY_CHEWS_PEG,-2.0,0.48,0.36
CLASSIC_MILK_SINGLE,-2.5,0.42,0.3
CRISPY_WAFER_SINGLE,-2.4,0.4,0.29
DELUXE_TRUFFLE_SHAREBAG,-1.8,0.35,0.25
SMOOTH_MINT_GUM,-1.7,0.27,0.15
RAINBOW_SQUARES_PEG,-2.1,0.46,0.34
CHEWY_BEARS_PEG,-2.2,0.44,0.33
