retailer_pg,retailer,promo_group,lambda,r2,mape,price_elasticity,b_catalogue,b_display,n_selected,selected
Freshway|BITES_BUTTONS_POUCH,Freshway,BITES_BUTTONS_POUCH,0.001,0.9605,7.18,-1.9078,0.6322,0.4553,7,log_price;catalogue;display;si_log;trend;tpr_lag1;ACT_1_logprice
Freshway|BITES_MALT_POUCH,Freshway,BITES_MALT_POUCH,0.001,0.9746,5.73,-2.2432,0.5615,0.3596,7,log_price;catalogue;display;si_log;trend;tpr_lag1;ACT_1_logprice
Freshway|CLASSIC_DAIRY_BLOCK,Freshway,CLASSIC_DAIRY_BLOCK,0.002,0.9841,5.31,-2.5693,0.4802,0.2761,8,log_price;catalogue;display;si_log;trend;tpr_lag1;ACT_1_logprice;ACT_2_logprice
Freshway|DARK_ORCHARD_BLOCK,Freshway,DARK_ORCHARD_BLOCK,0.001,0.9599,5.41,-1.9212,0.3786,0.3067,8,log_price;catalogue;display;si_log;trend;tpr_lag1;ACT_1_logprice;ACT_2_logprice
Freshway|GOLDEN_MALT_BLOCK,Freshway,GOLDEN_MALT_BLOCK,0.001,0.9742,5.54,-2.1338,0.4873,0.3714,8,log_price;catalogue;display;si_log;trend;tpr_lag1;ACT_1_logprice;ACT_2_logprice
Freshway|HONEY_NOUGAT_SINGLE,Freshway,HONEY_NOUGAT_SINGLE,0.001,0.9794,5.66,-2.3915,0.4493,0.3579,7,log_price;catalogue;display;si_log;trend;tpr_lag1;ACT_1_logprice
Freshway|SILKEN_BLOCK,Freshway,SILKEN_BLOCK,0.001,0.9785,5.36,-2.3059,0.4997,0.3369,6,log_price;catalogue;display;si_log;trend;tpr_lag1
Northmart|BITES_BUTTONS_POUCH,Northmart,BITES_BUTTONS_POUCH,0.001,0.9689,6.49,-1.9599,0.6254,0.4404,7,log_price;catalogue;display;si_log;trend;tpr_lag1;ACT_1_logprice
Northmart|BITES_MALT_POUCH,Northmart,BITES_MALT_POUCH,0.001,0.9779,5.54,-2.1532,0.5445,0.3693,7,log_price;catalogue;display;si_log;trend;tpr_lag1;ACT_1_logprice
Northmart|CLASSIC_DAIRY_BLOCK,Northmart,CLASSIC_DAIRY_BLOCK,0.001,0.9789,5.42,-2.6155,0.4993,0.319,8,log_price;catalogue;display;si_log;trend;tpr_lag1;ACT_1_logprice;ACT_2_logprice
Northmart|DARK_ORCHARD_BLOCK,Northmart,DARK_ORCHARD_BLOCK,0.001,0.958,5.38,-1.8289,0.423,0.2387,8,log_price;catalogue;display;si_log;trend;tpr_lag1;ACT_1_logprice;ACT_2_logprice
Northmart|GOLDEN_MALT_BLOCK,Northmart,GOLDEN_MALT_BLOCK,0.001,0.9771,5.09,-2.1287,0.4552,0.328,8,log_price;catalogue;display;si_log;trend;tpr_lag1;ACT_1_logprice;ACT_2_logprice
Northmart|HONEY_NOUGAT_SINGLE,Northmart,HONEY_NOUGAT_SINGLE,0.001,0.9779,5.25,-2.4449,0.4747,0.2699,7,log_price;catalogue;display;si_log;trend;tpr_lag1;ACT_1_logprice
Northmart|SILKEN_BLOCK,Northmart,SILKEN_BLOCK,0.001,0.9746,5.51,-2.2817,0.4811,0.32,6,log_price;catalogue;display;si_log;trend;tpr_lag1
