retailer_pg,retailer,promo_group,scenario,profit,trade_spend,vs_current_pct,recommended
Freshway|BITES_BUTTONS_POUCH,Freshway,BITES_BUTTONS_POUCH,Current,1317314.0,1629720.0,0.0,0
Freshway|BITES_BUTTONS_POUCH,Freshway,BITES_BUTTONS_POUCH,Shallower TPR (cap 15%),1568543.0,1078061.0,19.1,0
Freshway|BITES_BUTTONS_POUCH,Freshway,BITES_BUTTONS_POUCH,Catalogue-led (10% + feature),1691180.0,1338295.0,28.4,1
Freshway|BITES_BUTTONS_POUCH,Freshway,BITES_BUTTONS_POUCH,Trim deep promos (>=25%),1672197.0,817779.0,26.9,0
Freshway|BITES_MALT_POUCH,Freshway,BITES_MALT_POUCH,Current,1389657.0,1514964.0,0.0,0
Freshway|BITES_MALT_POUCH,Freshway,BITES_MALT_POUCH,Shallower TPR (cap 15%),1624279.0,945746.0,16.9,0
Freshway|BITES_MALT_POUCH,Freshway,BITES_MALT_POUCH,Catalogue-led (10% + feature),1711323.0,1147806.0,23.1,1
Freshway|BITES_MALT_POUCH,Freshway,BITES_MALT_POUCH,Trim deep promos (>=25%),1705742.0,697467.0,22.7,0
Freshway|CLASSIC_DAIRY_BLOCK,Freshway,CLASSIC_DAIRY_BLOCK,Current,1875430.0,2936793.0,0.0,0
Freshway|CLASSIC_DAIRY_BLOCK,Freshway,CLASSIC_DAIRY_BLOCK,Shallower TPR (cap 15%),2374222.0,1646429.0,26.6,0
Freshway|CLASSIC_DAIRY_BLOCK,Freshway,CLASSIC_DAIRY_BLOCK,Catalogue-led (10% + feature),2481506.0,1815664.0,32.3,1
Freshway|CLASSIC_DAIRY_BLOCK,Freshway,CLASSIC_DAIRY_BLOCK,Trim deep promos (>=25%),2460200.0,1306800.0,31.2,0
Freshway|DARK_ORCHARD_BLOCK,Freshway,DARK_ORCHARD_BLOCK,Current,698976.0,715908.0,0.0,0
Freshway|DARK_ORCHARD_BLOCK,Freshway,DARK_ORCHARD_BLOCK,Shallower TPR (cap 15%),806264.0,471174.0,15.3,0
Freshway|DARK_ORCHARD_BLOCK,Freshway,DARK_ORCHARD_BLOCK,Catalogue-led (10% + feature),824470.0,570881.0,18.0,0
Freshway|DARK_ORCHARD_BLOCK,Freshway,DARK_ORCHARD_BLOCK,Trim deep promos (>=25%),834989.0,390661.0,19.5,1
Freshway|GOLDEN_MALT_BLOCK,Freshway,GOLDEN_MALT_BLOCK,Current,696625.0,842798.0,0.0,0
Freshway|GOLDEN_MALT_BLOCK,Freshway,GOLDEN_MALT_BLOCK,Shallower TPR (cap 15%),821000.0,542007.0,17.9,0
Freshway|GOLDEN_MALT_BLOCK,Freshway,GOLDEN_MALT_BLOCK,Catalogue-led (10% + feature),862030.0,666330.0,23.7,0
Freshway|GOLDEN_MALT_BLOCK,Freshway,GOLDEN_MALT_BLOCK,Trim deep promos (>=25%),863292.0,414699.0,23.9,1
Freshway|HONEY_NOUGAT_SINGLE,Freshway,HONEY_NOUGAT_SINGLE,Current,702791.0,1049897.0,0.0,0
Freshway|HONEY_NOUGAT_SINGLE,Freshway,HONEY_NOUGAT_SINGLE,Shallower TPR (cap 15%),858263.0,661471.0,22.1,0
Freshway|HONEY_NOUGAT_SINGLE,Freshway,HONEY_NOUGAT_SINGLE,Catalogue-led (10% + feature),887909.0,793913.0,26.3,0
Freshway|HONEY_NOUGAT_SINGLE,Freshway,HONEY_NOUGAT_SINGLE,Trim deep promos (>=25%),901115.0,521528.0,28.2,1
Freshway|SILKEN_BLOCK,Freshway,SILKEN_BLOCK,Current,1469362.0,1677196.0,0.0,0
Freshway|SILKEN_BLOCK,Freshway,SILKEN_BLOCK,Shallower TPR (cap 15%),1681452.0,1131422.0,14.4,0
Freshway|SILKEN_BLOCK,Freshway,SILKEN_BLOCK,Catalogue-led (10% + feature),1754669.0,1347846.0,19.4,1
Freshway|SILKEN_BLOCK,Freshway,SILKEN_BLOCK,Trim deep promos (>=25%),1747956.0,901617.0,19.0,0
Northmart|BITES_BUTTONS_POUCH,Northmart,BITES_BUTTONS_POUCH,Current,1028306.0,1319730.0,0.0,0
Northmart|BITES_BUTTONS_POUCH,Northmart,BITES_BUTTONS_POUCH,Shallower TPR (cap 15%),1247238.0,834029.0,21.3,0
Northmart|BITES_BUTTONS_POUCH,Northmart,BITES_BUTTONS_POUCH,Catalogue-led (10% + feature),1348642.0,1100047.0,31.2,1
Northmart|BITES_BUTTONS_POUCH,Northmart,BITES_BUTTONS_POUCH,Trim deep promos (>=25%),1327174.0,627226.0,29.1,0
Northmart|BITES_MALT_POUCH,Northmart,BITES_MALT_POUCH,Current,1076992.0,1459129.0,0.0,0
Northmart|BITES_MALT_POUCH,Northmart,BITES_MALT_POUCH,Shallower TPR (cap 15%),1311022.0,899902.0,21.7,0
Northmart|BITES_MALT_POUCH,Northmart,BITES_MALT_POUCH,Catalogue-led (10% + feature),1401789.0,1149001.0,30.2,1
Northmart|BITES_MALT_POUCH,Northmart,BITES_MALT_POUCH,Trim deep promos (>=25%),1389995.0,666632.0,29.1,0
Northmart|CLASSIC_DAIRY_BLOCK,Northmart,CLASSIC_DAIRY_BLOCK,Current,1592252.0,2308014.0,0.0,0
Northmart|CLASSIC_DAIRY_BLOCK,Northmart,CLASSIC_DAIRY_BLOCK,Shallower TPR (cap 15%),1903859.0,1460115.0,19.6,0
Northmart|CLASSIC_DAIRY_BLOCK,Northmart,CLASSIC_DAIRY_BLOCK,Catalogue-led (10% + feature),2014016.0,1801493.0,26.5,1
Northmart|CLASSIC_DAIRY_BLOCK,Northmart,CLASSIC_DAIRY_BLOCK,Trim deep promos (>=25%),1963121.0,1231548.0,23.3,0
Northmart|DARK_ORCHARD_BLOCK,Northmart,DARK_ORCHARD_BLOCK,Current,577487.0,558983.0,0.0,0
Northmart|DARK_ORCHARD_BLOCK,Northmart,DARK_ORCHARD_BLOCK,Shallower TPR (cap 15%),659787.0,374653.0,14.3,0
Northmart|DARK_ORCHARD_BLOCK,Northmart,DARK_ORCHARD_BLOCK,Catalogue-led (10% + feature),680064.0,474279.0,17.8,0
Northmart|DARK_ORCHARD_BLOCK,Northmart,DARK_ORCHARD_BLOCK,Trim deep promos (>=25%),689478.0,297396.0,19.4,1
Northmart|GOLDEN_MALT_BLOCK,Northmart,GOLDEN_MALT_BLOCK,Current,587914.0,629347.0,0.0,0
Northmart|GOLDEN_MALT_BLOCK,Northmart,GOLDEN_MALT_BLOCK,Shallower TPR (cap 15%),672781.0,428502.0,14.4,0
Northmart|GOLDEN_MALT_BLOCK,Northmart,GOLDEN_MALT_BLOCK,Catalogue-led (10% + feature),697537.0,507247.0,18.6,1
Northmart|GOLDEN_MALT_BLOCK,Northmart,GOLDEN_MALT_BLOCK,Trim deep promos (>=25%),695407.0,363067.0,18.3,0
Northmart|HONEY_NOUGAT_SINGLE,Northmart,HONEY_NOUGAT_SINGLE,Current,603760.0,765122.0,0.0,0
Northmart|HONEY_NOUGAT_SINGLE,Northmart,HONEY_NOUGAT_SINGLE,Shallower TPR (cap 15%),715029.0,476588.0,18.4,0
Northmart|HONEY_NOUGAT_SINGLE,Northmart,HONEY_NOUGAT_SINGLE,Catalogue-led (10% + feature),740372.0,599849.0,22.6,1
Northmart|HONEY_NOUGAT_SINGLE,Northmart,HONEY_NOUGAT_SINGLE,Trim deep promos (>=25%),739965.0,383320.0,22.6,0
Northmart|SILKEN_BLOCK,Northmart,SILKEN_BLOCK,Current,1132773.0,1448448.0,0.0,0
Northmart|SILKEN_BLOCK,Northmart,SILKEN_BLOCK,Shallower TPR (cap 15%),1320305.0,960379.0,16.6,0
Northmart|SILKEN_BLOCK,Northmart,SILKEN_BLOCK,Catalogue-led (10% + feature),1393189.0,1215174.0,23.0,1
Northmart|SILKEN_BLOCK,Northmart,SILKEN_BLOCK,Trim deep promos (>=25%),1369957.0,778917.0,20.9,0
