retailer_pg,intercept,log_price,catalogue,display,si_log,trend,tpr_lag1,ACT_1_logprice,ACT_2_logprice
Freshway|BITES_BUTTONS_POUCH,11.286939,-1.907832,0.632192,0.455281,0.965682,0.000738,-0.009479,0.297912,0.0
Freshway|BITES_MALT_POUCH,12.094932,-2.24318,0.561495,0.359645,0.997992,0.000457,-0.010127,0.251817,0.0
Freshway|CLASSIC_DAIRY_BLOCK,12.892995,-2.569287,0.480179,0.276086,0.963081,0.000783,-0.010023,0.038771,-0.027616
Freshway|DARK_ORCHARD_BLOCK,11.229773,-1.921232,0.378619,0.306721,0.973583,0.000346,-0.009464,-0.05545,0.027095
Freshway|GOLDEN_MALT_BLOCK,10.467425,-2.133826,0.487276,0.371394,0.953731,0.00073,-0.008951,0.321854,0.367463
Freshway|HONEY_NOUGAT_SINGLE,10.227867,-2.391515,0.449316,0.357947,0.991371,0.000681,-0.009906,0.370062,0.0
Freshway|SILKEN_BLOCK,12.257028,-2.305912,0.499666,0.336948,0.924631,0.000807,-0.011024,0.0,0.0
Northmart|BITES_BUTTONS_POUCH,11.083855,-1.959909,0.625376,0.44037,0.997548,0.000543,-0.009662,0.348615,0.0
Northmart|BITES_MALT_POUCH,11.719661,-2.153242,0.5445,0.369339,0.96041,0.000513,-0.010555,0.269178,0.0
Northmart|CLASSIC_DAIRY_BLOCK,12.765691,-2.615509,0.499292,0.318976,0.947866,0.000473,-0.010477,0.019648,-0.008518
Northmart|DARK_ORCHARD_BLOCK,10.797843,-1.828854,0.422978,0.238703,1.014997,0.000628,-0.009512,-0.027268,0.042981
Northmart|GOLDEN_MALT_BLOCK,10.286957,-2.128703,0.455199,0.328027,0.915032,0.000488,-0.010533,0.303417,0.385116
Northmart|HONEY_NOUGAT_SINGLE,9.999248,-2.444918,0.474705,0.269949,0.966973,0.000625,-0.009729,0.432409,0.0
Northmart|SILKEN_BLOCK,12.00081,-2.281681,0.481056,0.319979,0.954967,0.000826,-0.010396,0.0,0.0
