retailer,promo_group,promo_weeks,incr_units,trade_spend,incr_profit,roi
Freshway,SILKEN_BLOCK,43,458331.0,1437819.0,346250.0,0.24
Freshway,BITES_BUTTONS_POUCH,44,374240.0,1390717.0,309962.0,0.22
Freshway,HONEY_NOUGAT_SINGLE,52,646915.0,910161.0,204754.0,0.22
Northmart,CLASSIC_DAIRY_BLOCK,53,683782.0,1953074.0,438442.0,0.22
Northmart,SILKEN_BLOCK,57,377886.0,1256375.0,273571.0,0.22
Freshway,GOLDEN_MALT_BLOCK,49,213362.0,737233.0,151360.0,0.21
Northmart,GOLDEN_MALT_BLOCK,43,156581.0,551785.0,118044.0,0.21
Northmart,BITES_BUTTONS_POUCH,43,294741.0,1146094.0,212319.0,0.19
Northmart,BITES_MALT_POUCH,49,287022.0,1253273.0,232146.0,0.19
Northmart,HONEY_NOUGAT_SINGLE,46,430644.0,675584.0,131076.0,0.19
Freshway,BITES_MALT_POUCH,37,304016.0,1333174.0,239121.0,0.18
Freshway,CLASSIC_DAIRY_BLOCK,41,856265.0,2466037.0,453292.0,0.18
Freshway,DARK_ORCHARD_BLOCK,48,125250.0,635329.0,95227.0,0.15
Northmart,DARK_ORCHARD_BLOCK,47,90623.0,497276.0,69925.0,0.14
