cta_ppg,intercept,log_price,feat_acv,disp_acv,si_log,trend,pantry_lag,Halloween,Christmas,Easter,Valentine,SummerDip,INTRA_COMP_1_logprice,INTRA_COMP_2_logprice,INTER_COMP_1_logprice,INTER_COMP_2_logprice
GreatLakes|ARCTIC_MINT_GUM,9.168079,-1.556873,0.284331,0.206797,1.1028,0.000967,-0.012953,0.511525,0.468827,0.316107,0.283182,-0.202886,0.351759,0.012858,0.429155,0.0
GreatLakes|BLISS_SILK_BAR,9.459263,-2.825961,0.326572,0.259807,0.99762,0.000904,-0.012026,0.588899,0.469619,0.362925,0.245496,-0.216696,0.0,0.0,0.43306,0.025795
GreatLakes|CHEWY_BEARS_PEG,10.751721,-2.121805,0.433008,0.397501,1.078117,0.000847,-0.01239,0.482184,0.437158,0.294721,0.240367,-0.232525,0.0,0.0,0.0,0.0
GreatLakes|CLASSIC_MILK_SINGLE,9.718225,-2.485748,0.468874,0.242191,0.98916,0.000825,-0.012039,0.51873,0.41431,0.355227,0.298583,-0.209085,0.0,0.0,0.0,0.0
GreatLakes|CRISPY_WAFER_SINGLE,9.660659,-2.252383,0.426357,0.347697,1.03785,0.000766,-0.01184,0.59294,0.46134,0.339442,0.278367,-0.191392,0.0,0.0,0.0,0.0
GreatLakes|DELUXE_TRUFFLE_SHAREBAG,10.581102,-1.721085,0.348236,0.307552,1.050642,0.000741,-0.011263,0.530874,0.463061,0.283554,0.238131,-0.181345,0.0,0.0,0.0,0.0
GreatLakes|GOLDEN_MALT_POUCH,10.661888,-1.950985,0.532707,0.391884,0.990879,0.000719,-0.011923,0.562724,0.482116,0.376674,0.29904,-0.201331,0.0,0.0,0.0,0.0
GreatLakes|HAPPY_BUTTONS_PEG,10.278976,-1.866389,0.521812,0.466168,1.050688,0.00093,-0.012051,0.574269,0.391576,0.321136,0.212613,-0.207745,0.299846,0.007334,0.376831,0.0
GreatLakes|ICE_BREEZE_GUM,9.1724,-1.674449,0.206869,0.215066,0.920453,0.000745,-0.011589,0.540788,0.444238,0.321132,0.240254,-0.205586,0.0,0.0,0.0,0.0
GreatLakes|JUICY_CHEWS_PEG,10.478353,-2.007939,0.556414,0.328076,1.00226,0.000803,-0.011022,0.55141,0.444116,0.357682,0.27304,-0.192962,0.0,0.0,0.388498,0.0
GreatLakes|NUTTY_CARAMEL_SINGLE,9.737409,-2.646572,0.442649,0.291807,1.064414,0.000895,-0.011835,0.548614,0.448153,0.324959,0.236843,-0.196727,0.329033,0.0,0.548758,0.0
GreatLakes|RAINBOW_SQUARES_PEG,10.733691,-1.957859,0.432358,0.394705,0.925934,0.000797,-0.011464,0.512392,0.439278,0.33011,0.237548,-0.194645,0.0,0.0,0.0,0.0
GreatLakes|SMOOTH_MINT_GUM,9.378242,-1.757226,0.274195,0.137951,1.1327,0.001226,-0.011988,0.543377,0.421504,0.32125,0.238812,-0.234476,0.0,0.0,0.0,0.0
GreatLakes|TOFFEE_BISCUIT_SINGLE,9.352669,-2.17602,0.375639,0.369197,1.024209,0.000738,-0.01186,0.624189,0.462878,0.348128,0.215325,-0.174456,0.2845,0.0,0.531216,0.019591
Northeast|ARCTIC_MINT_GUM,9.053887,-1.604022,0.283031,0.172351,0.830901,0.000871,-0.011645,0.547637,0.446227,0.333931,0.246838,-0.205138,0.327997,0.01236,0.43857,0.0
Northeast|BLISS_SILK_BAR,9.295,-2.759364,0.374866,0.293589,0.917675,0.00102,-0.012655,0.563813,0.446474,0.350586,0.221598,-0.20504,0.0,0.0,0.441863,0.0
Northeast|CHEWY_BEARS_PEG,10.533493,-2.061881,0.511467,0.35232,0.935684,0.000738,-0.012666,0.572368,0.470986,0.367587,0.296747,-0.213128,0.0,0.0,0.0,0.0
Northeast|CLASSIC_MILK_SINGLE,9.55757,-2.547191,0.363228,0.347616,0.965833,0.001123,-0.011735,0.467235,0.452899,0.356792,0.250593,-0.228175,0.0,0.0,0.0,0.0
Northeast|CRISPY_WAFER_SINGLE,9.549848,-2.373287,0.394861,0.333202,1.026082,0.000778,-0.012253,0.501149,0.460403,0.31347,0.240312,-0.199913,0.0,0.0,0.0,0.0
Northeast|DELUXE_TRUFFLE_SHAREBAG,10.766779,-1.949485,0.278766,0.258847,1.073698,0.000792,-0.011904,0.51681,0.478403,0.34256,0.22075,-0.174869,0.0,0.0,0.0,0.0
Northeast|GOLDEN_MALT_POUCH,10.698022,-2.127775,0.467707,0.442447,1.029967,0.000841,-0.012698,0.530627,0.450248,0.365342,0.234873,-0.192494,0.0,0.0,0.0,0.0
Northeast|HAPPY_BUTTONS_PEG,10.092548,-1.88598,0.574555,0.441713,0.963524,0.000957,-0.012213,0.548106,0.446383,0.371932,0.260622,-0.212851,0.326406,0.0,0.392044,0.0
Northeast|ICE_BREEZE_GUM,8.99229,-1.641596,0.221551,0.203596,1.405657,0.00087,-0.012295,0.546085,0.415876,0.336988,0.264728,-0.17624,0.0,0.0,0.0,0.0
Northeast|JUICY_CHEWS_PEG,10.33915,-2.058977,0.417047,0.368589,1.00733,0.000671,-0.011788,0.586103,0.440109,0.368831,0.253593,-0.183514,0.0,0.0,0.445727,0.0
Northeast|NUTTY_CARAMEL_SINGLE,9.536038,-2.627629,0.454458,0.308465,0.953837,0.000655,-0.011329,0.537048,0.46834,0.390587,0.248128,-0.194409,0.411602,0.035098,0.574354,0.0
Northeast|RAINBOW_SQUARES_PEG,10.597669,-1.977192,0.42594,0.389355,1.36752,0.000768,-0.012026,0.516595,0.50866,0.329304,0.234598,-0.179393,0.0,0.0,0.0,0.0
Northeast|SMOOTH_MINT_GUM,9.14217,-1.578189,0.332445,0.186697,0.897757,0.000838,-0.012035,0.495347,0.449274,0.276205,0.274442,-0.215651,0.0,0.0,0.0,0.0
Northeast|TOFFEE_BISCUIT_SINGLE,9.205275,-2.234425,0.333475,0.401076,1.028425,0.000678,-0.011946,0.52504,0.430504,0.353796,0.240982,-0.187387,0.335552,0.0,0.491175,0.035202
Plains|ARCTIC_MINT_GUM,9.136339,-1.550218,0.274269,0.259787,1.0016,0.000908,-0.011833,0.512325,0.435544,0.338475,0.231418,-0.21482,0.309247,0.0,0.387737,0.0
Plains|BLISS_SILK_BAR,9.409631,-2.818872,0.387921,0.229311,1.043574,0.000708,-0.011999,0.553707,0.410395,0.333524,0.234303,-0.210945,0.0,0.0,0.5062,0.005375
Plains|CHEWY_BEARS_PEG,10.698861,-2.156436,0.444947,0.304273,1.026673,0.001039,-0.012335,0.533993,0.465631,0.337289,0.202024,-0.192385,0.0,0.0,0.0,0.0
Plains|CLASSIC_MILK_SINGLE,9.631954,-2.455392,0.376687,0.352433,1.026934,0.000771,-0.011674,0.589548,0.432422,0.358921,0.249303,-0.194097,0.0,0.0,0.0,0.0
Plains|CRISPY_WAFER_SINGLE,9.621187,-2.379202,0.385607,0.313046,0.967223,0.000929,-0.012193,0.540758,0.475364,0.34046,0.261869,-0.210782,0.0,0.0,0.0,0.0
Plains|DELUXE_TRUFFLE_SHAREBAG,10.633057,-1.81241,0.340587,0.268037,1.013621,0.000803,-0.01144,0.533161,0.434216,0.424284,0.252346,-0.194687,0.0,0.0,0.0,0.0
Plains|GOLDEN_MALT_POUCH,10.882774,-2.199278,0.471707,0.399294,1.005428,0.000837,-0.012553,0.580371,0.450199,0.357015,0.260588,-0.190582,0.0,0.0,0.0,0.0
Plains|HAPPY_BUTTONS_PEG,10.281787,-1.921947,0.570789,0.408204,0.875034,0.000787,-0.01221,0.585065,0.452441,0.357661,0.263272,-0.221198,0.325619,0.0,0.355834,0.0
Plains|ICE_BREEZE_GUM,9.161009,-1.822603,0.306538,0.143249,0.917503,0.000738,-0.012191,0.532807,0.464108,0.381215,0.214298,-0.190853,0.0,0.0,0.0,0.0
Plains|JUICY_CHEWS_PEG,10.38417,-1.97052,0.526436,0.334838,0.750072,0.000677,-0.013014,0.581292,0.461514,0.42923,0.221111,-0.227559,0.014108,0.0,0.377722,0.0
Plains|NUTTY_CARAMEL_SINGLE,9.626298,-2.434043,0.459133,0.368972,1.024578,0.000716,-0.012119,0.554434,0.415633,0.354085,0.209405,-0.201525,0.345633,0.0,0.57393,0.0
Plains|RAINBOW_SQUARES_PEG,10.805899,-2.104527,0.413231,0.370911,1.335322,0.000873,-0.011766,0.50406,0.438687,0.312621,0.243075,-0.189684,0.0,0.0,0.0,0.0
Plains|SMOOTH_MINT_GUM,9.243303,-1.635155,0.310153,0.134583,0.92371,0.001065,-0.011792,0.551029,0.412579,0.337653,0.220358,-0.191668,0.0,0.0,0.0,0.0
Plains|TOFFEE_BISCUIT_SINGLE,9.360827,-2.409216,0.372989,0.248457,1.052823,0.000727,-0.011784,0.56834,0.477352,0.356686,0.269076,-0.171977,0.317155,0.0,0.501876,0.0
South|ARCTIC_MINT_GUM,9.02906,-1.662436,0.331551,0.155941,0.761526,0.000986,-0.011255,0.48214,0.433631,0.339404,0.276138,-0.2277,0.404064,0.0,0.434265,0.0
South|BLISS_SILK_BAR,9.22915,-2.726769,0.40296,0.240069,0.83651,0.000816,-0.012716,0.592984,0.516682,0.348188,0.23495,-0.235121,0.0,0.0,0.485714,0.056556
South|CHEWY_BEARS_PEG,10.670296,-2.203206,0.430871,0.348805,0.850368,0.00085,-0.011106,0.590246,0.423501,0.37795,0.279085,-0.187035,0.0,0.0,0.0,0.0
South|CLASSIC_MILK_SINGLE,9.591864,-2.532668,0.453101,0.230021,0.929355,0.000529,-0.012338,0.517795,0.494269,0.343703,0.217945,-0.208044,0.0,0.0,0.0,0.0
South|CRISPY_WAFER_SINGLE,9.538248,-2.380038,0.382786,0.350559,1.122058,0.001011,-0.012268,0.573403,0.421175,0.333241,0.253235,-0.155113,0.0,0.0,0.0,0.0
South|DELUXE_TRUFFLE_SHAREBAG,10.483775,-1.753288,0.377035,0.246119,0.966983,0.0008,-0.012148,0.496409,0.442426,0.367321,0.2542,-0.218405,0.0,0.0,0.0,0.0
South|GOLDEN_MALT_POUCH,10.655926,-2.063558,0.501812,0.437989,0.918608,0.000393,-0.011756,0.59195,0.498973,0.324686,0.230487,-0.222083,0.0,0.0,0.0,0.0
South|HAPPY_BUTTONS_PEG,9.918664,-1.731283,0.624046,0.44623,1.105905,0.000763,-0.012774,0.475911,0.421573,0.341116,0.271843,-0.19983,0.331053,0.0,0.398485,0.0
South|ICE_BREEZE_GUM,8.958793,-1.609025,0.4161,0.129278,0.840791,0.00084,-0.011085,0.503285,0.473767,0.326641,0.263954,-0.178805,0.0,0.0,0.0,0.0
South|JUICY_CHEWS_PEG,10.277001,-1.991301,0.488386,0.368521,0.772875,0.000546,-0.012097,0.58387,0.444905,0.405675,0.256915,-0.166352,0.017702,0.0,0.416311,0.0
South|NUTTY_CARAMEL_SINGLE,9.582064,-2.628584,0.463753,0.211182,1.003288,0.000988,-0.010995,0.535559,0.410872,0.325137,0.247087,-0.186474,0.327994,0.0,0.598731,0.0
South|RAINBOW_SQUARES_PEG,10.736021,-2.111584,0.440328,0.346327,1.12253,0.000918,-0.012825,0.54022,0.37187,0.3416,0.260735,-0.201701,0.0,0.0,0.0,0.0
South|SMOOTH_MINT_GUM,9.279893,-1.834996,0.297472,0.050886,0.954684,0.000832,-0.011775,0.523446,0.416543,0.352751,0.195138,-0.193747,0.0,0.0,0.0,0.0
South|TOFFEE_BISCUIT_SINGLE,9.235657,-2.365912,0.409268,0.244127,0.985651,0.000812,-0.012109,0.589649,0.425776,0.358176,0.250658,-0.186518,0.365635,0.0,0.479679,0.021706
West|ARCTIC_MINT_GUM,9.20491,-1.597063,0.350912,0.13078,1.11089,0.000844,-0.01233,0.589755,0.400241,0.353928,0.230193,-0.176663,0.35525,0.038689,0.336064,0.0
West|BLISS_SILK_BAR,9.359643,-2.729458,0.447404,0.207555,0.981088,0.001162,-0.011948,0.511036,0.439544,0.346396,0.282988,-0.202726,0.0,0.0,0.466076,0.034541
West|CHEWY_BEARS_PEG,10.787951,-2.17208,0.426732,0.352922,1.092832,0.000605,-0.012642,0.554179,0.418623,0.364912,0.245692,-0.222909,0.0,0.0,0.0,0.0
West|CLASSIC_MILK_SINGLE,9.667129,-2.463973,0.401987,0.346011,0.963265,0.00114,-0.011796,0.51272,0.506231,0.392812,0.209564,-0.200368,0.0,0.0,0.0,0.0
West|CRISPY_WAFER_SINGLE,9.685605,-2.333323,0.437633,0.29002,1.003461,0.000604,-0.011874,0.574035,0.439407,0.308305,0.168483,-0.207589,0.0,0.0,0.0,0.0
West|DELUXE_TRUFFLE_SHAREBAG,10.68161,-1.800129,0.415444,0.159407,0.9927,0.000801,-0.012342,0.574057,0.424221,0.346077,0.27077,-0.184766,0.0,0.0,0.0,0.0
West|GOLDEN_MALT_POUCH,10.779339,-2.075414,0.430753,0.440827,0.994795,0.000951,-0.011676,0.557117,0.426588,0.366032,0.282643,-0.181309,0.0,0.0,0.0,0.0
West|HAPPY_BUTTONS_PEG,10.268976,-1.852535,0.657328,0.342293,0.941871,0.000737,-0.012148,0.629211,0.515735,0.372136,0.235977,-0.218316,0.292481,0.023404,0.366032,0.0
West|ICE_BREEZE_GUM,9.164215,-1.71304,0.252445,0.212136,0.993266,0.000738,-0.011802,0.592717,0.400404,0.395162,0.231996,-0.210301,0.0,0.0,0.0,0.0
West|JUICY_CHEWS_PEG,10.589643,-2.116912,0.455338,0.360459,0.91348,0.000957,-0.011133,0.570761,0.434967,0.332971,0.240782,-0.204406,0.026604,0.0,0.350823,0.0
West|NUTTY_CARAMEL_SINGLE,9.725356,-2.71651,0.397645,0.285795,0.968246,0.000957,-0.011713,0.543405,0.467621,0.352928,0.285468,-0.197971,0.3669,0.0,0.511673,0.0
West|RAINBOW_SQUARES_PEG,10.672397,-1.909068,0.511661,0.334957,0.883592,0.000572,-0.01303,0.555661,0.457828,0.361715,0.24633,-0.177338,0.0,0.0,0.0,0.0
West|SMOOTH_MINT_GUM,9.335178,-1.680192,0.292373,0.13888,0.995554,0.000914,-0.012259,0.538552,0.465245,0.351961,0.238178,-0.212759,0.0,0.0,0.0,0.0
West|TOFFEE_BISCUIT_SINGLE,9.394521,-2.326288,0.350628,0.31585,0.995923,0.000617,-0.012069,0.533421,0.504871,0.355277,0.246504,-0.194974,0.316027,0.0,0.553351,0.0
