cta_ppg,cta,ppg,n_train,n_features,r2,test_mape,price_elasticity,beta_feat,beta_disp,beta_si,beta_pantry,price_sign_valid,selected_features
GreatLakes|ARCTIC_MINT_GUM,GreatLakes,ARCTIC_MINT_GUM,124,14,0.9758,4.94,-1.5569,0.2843,0.2068,1.1028,-0.01295,True,log_price;feat_acv;disp_acv;si_log;trend;pantry_lag;Halloween;Christmas;Easter;Valentine;SummerDip;INTRA_COMP_1_logprice;INTRA_COMP_2_logprice;INTER_COMP_1_logprice
GreatLakes|BLISS_SILK_BAR,GreatLakes,BLISS_SILK_BAR,124,13,0.9911,4.47,-2.826,0.3266,0.2598,0.9976,-0.01203,True,log_price;feat_acv;disp_acv;si_log;trend;pantry_lag;Halloween;Christmas;Easter;Valentine;SummerDip;INTER_COMP_1_logprice;INTER_COMP_2_logprice
GreatLakes|CHEWY_BEARS_PEG,GreatLakes,CHEWY_BEARS_PEG,124,11,0.985,6.65,-2.1218,0.433,0.3975,1.0781,-0.01239,True,log_price;feat_acv;disp_acv;si_log;trend;pantry_lag;Halloween;Christmas;Easter;Valentine;SummerDip
GreatLakes|CLASSIC_MILK_SINGLE,GreatLakes,CLASSIC_MILK_SINGLE,124,11,0.9909,5.22,-2.4857,0.4689,0.2422,0.9892,-0.01204,True,log_price;feat_acv;disp_acv;si_log;trend;pantry_lag;Halloween;Christmas;Easter;Valentine;SummerDip
GreatLakes|CRISPY_WAFER_SINGLE,GreatLakes,CRISPY_WAFER_SINGLE,124,11,0.9898,4.56,-2.2524,0.4264,0.3477,1.0378,-0.01184,True,log_price;feat_acv;disp_acv;si_log;trend;pantry_lag;Halloween;Christmas;Easter;Valentine;SummerDip
GreatLakes|DELUXE_TRUFFLE_SHAREBAG,GreatLakes,DELUXE_TRUFFLE_SHAREBAG,124,11,0.9868,4.79,-1.7211,0.3482,0.3076,1.0506,-0.01126,True,log_price;feat_acv;disp_acv;si_log;trend;pantry_lag;Halloween;Christmas;Easter;Valentine;SummerDip
GreatLakes|GOLDEN_MALT_POUCH,GreatLakes,GOLDEN_MALT_POUCH,124,11,0.9934,5.64,-1.951,0.5327,0.3919,0.9909,-0.01192,True,log_price;feat_acv;disp_acv;si_log;trend;pantry_lag;Halloween;Christmas;Easter;Valentine;SummerDip
GreatLakes|HAPPY_BUTTONS_PEG,GreatLakes,HAPPY_BUTTONS_PEG,124,14,0.991,4.27,-1.8664,0.5218,0.4662,1.0507,-0.01205,True,log_price;feat_acv;disp_acv;si_log;trend;pantry_lag;Halloween;Christmas;Easter;Valentine;SummerDip;INTRA_COMP_1_logprice;INTRA_COMP_2_logprice;INTER_COMP_1_logprice
GreatLakes|ICE_BREEZE_GUM,GreatLakes,ICE_BREEZE_GUM,124,11,0.9811,5.57,-1.6744,0.2069,0.2151,0.9205,-0.01159,True,log_price;feat_acv;disp_acv;si_log;trend;pantry_lag;Halloween;Christmas;Easter;Valentine;SummerDip
GreatLakes|JUICY_CHEWS_PEG,GreatLakes,JUICY_CHEWS_PEG,124,12,0.9894,4.75,-2.0079,0.5564,0.3281,1.0023,-0.01102,True,log_price;feat_acv;disp_acv;si_log;trend;pantry_lag;Halloween;Christmas;Easter;Valentine;SummerDip;INTER_COMP_1_logprice
GreatLakes|NUTTY_CARAMEL_SINGLE,GreatLakes,NUTTY_CARAMEL_SINGLE,124,13,0.992,4.81,-2.6466,0.4426,0.2918,1.0644,-0.01183,True,log_price;feat_acv;disp_acv;si_log;trend;pantry_lag;Halloween;Christmas;Easter;Valentine;SummerDip;INTRA_COMP_1_logprice;INTER_COMP_1_logprice
GreatLakes|RAINBOW_SQUARES_PEG,GreatLakes,RAINBOW_SQUARES_PEG,124,11,0.985,6.46,-1.9579,0.4324,0.3947,0.9259,-0.01146,True,log_price;feat_acv;disp_acv;si_log;trend;pantry_lag;Halloween;Christmas;Easter;Valentine;SummerDip
GreatLakes|SMOOTH_MINT_GUM,GreatLakes,SMOOTH_MINT_GUM,124,11,0.9776,6.5,-1.7572,0.2742,0.138,1.1327,-0.01199,True,log_price;feat_acv;disp_acv;si_log;trend;pantry_lag;Halloween;Christmas;Easter;Valentine;SummerDip
GreatLakes|TOFFEE_BISCUIT_SINGLE,GreatLakes,TOFFEE_BISCUIT_SINGLE,124,14,0.9895,5.05,-2.176,0.3756,0.3692,1.0242,-0.01186,True,log_price;feat_acv;disp_acv;si_log;trend;pantry_lag;Halloween;Christmas;Easter;Valentine;SummerDip;INTRA_COMP_1_logprice;INTER_COMP_1_logprice;INTER_COMP_2_logprice
Northeast|ARCTIC_MINT_GUM,Northeast,ARCTIC_MINT_GUM,124,14,0.9805,4.35,-1.604,0.283,0.1724,0.8309,-0.01164,True,log_price;feat_acv;disp_acv;si_log;trend;pantry_lag;Halloween;Christmas;Easter;Valentine;SummerDip;INTRA_COMP_1_logprice;INTRA_COMP_2_logprice;INTER_COMP_1_logprice
Northeast|BLISS_SILK_BAR,Northeast,BLISS_SILK_BAR,124,12,0.9909,5.1,-2.7594,0.3749,0.2936,0.9177,-0.01265,True,log_price;feat_acv;disp_acv;si_log;trend;pantry_lag;Halloween;Christmas;Easter;Valentine;SummerDip;INTER_COMP_1_logprice
Northeast|CHEWY_BEARS_PEG,Northeast,CHEWY_BEARS_PEG,124,11,0.9881,4.91,-2.0619,0.5115,0.3523,0.9357,-0.01267,True,log_price;feat_acv;disp_acv;si_log;trend;pantry_lag;Halloween;Christmas;Easter;Valentine;SummerDip
Northeast|CLASSIC_MILK_SINGLE,Northeast,CLASSIC_MILK_SINGLE,124,11,0.9939,5.65,-2.5472,0.3632,0.3476,0.9658,-0.01173,True,log_price;feat_acv;disp_acv;si_log;trend;pantry_lag;Halloween;Christmas;Easter;Valentine;SummerDip
Northeast|CRISPY_WAFER_SINGLE,Northeast,CRISPY_WAFER_SINGLE,124,11,0.9893,5.65,-2.3733,0.3949,0.3332,1.0261,-0.01225,True,log_price;feat_acv;disp_acv;si_log;trend;pantry_lag;Halloween;Christmas;Easter;Valentine;SummerDip
Northeast|DELUXE_TRUFFLE_SHAREBAG,Northeast,DELUXE_TRUFFLE_SHAREBAG,124,11,0.9903,5.79,-1.9495,0.2788,0.2588,1.0737,-0.0119,True,log_price;feat_acv;disp_acv;si_log;trend;pantry_lag;Halloween;Christmas;Easter;Valentine;SummerDip
Northeast|GOLDEN_MALT_POUCH,Northeast,GOLDEN_MALT_POUCH,124,11,0.9904,4.26,-2.1278,0.4677,0.4424,1.03,-0.0127,True,log_price;feat_acv;disp_acv;si_log;trend;pantry_lag;Halloween;Christmas;Easter;Valentine;SummerDip
Northeast|HAPPY_BUTTONS_PEG,Northeast,HAPPY_BUTTONS_PEG,124,13,0.9891,5.97,-1.886,0.5746,0.4417,0.9635,-0.01221,True,log_price;feat_acv;disp_acv;si_log;trend;pantry_lag;Halloween;Christmas;Easter;Valentine;SummerDip;INTRA_COMP_1_logprice;INTER_COMP_1_logprice
Northeast|ICE_BREEZE_GUM,Northeast,ICE_BREEZE_GUM,124,11,0.9699,4.82,-1.6416,0.2216,0.2036,1.4057,-0.0123,True,log_price;feat_acv;disp_acv;si_log;trend;pantry_lag;Halloween;Christmas;Easter;Valentine;SummerDip
Northeast|JUICY_CHEWS_PEG,Northeast,JUICY_CHEWS_PEG,124,12,0.9869,4.35,-2.059,0.417,0.3686,1.0073,-0.01179,True,log_price;feat_acv;disp_acv;si_log;trend;pantry_lag;Halloween;Christmas;Easter;Valentine;SummerDip;INTER_COMP_1_logprice
Northeast|NUTTY_CARAMEL_SINGLE,Northeast,NUTTY_CARAMEL_SINGLE,124,14,0.9919,5.58,-2.6276,0.4545,0.3085,0.9538,-0.01133,True,log_price;feat_acv;disp_acv;si_log;trend;pantry_lag;Halloween;Christmas;Easter;Valentine;SummerDip;INTRA_COMP_1_logprice;INTRA_COMP_2_logprice;INTER_COMP_1_logprice
Northeast|RAINBOW_SQUARES_PEG,Northeast,RAINBOW_SQUARES_PEG,124,11,0.9825,5.8,-1.9772,0.4259,0.3894,1.3675,-0.01203,True,log_price;feat_acv;disp_acv;si_log;trend;pantry_lag;Halloween;Christmas;Easter;Valentine;SummerDip
Northeast|SMOOTH_MINT_GUM,Northeast,SMOOTH_MINT_GUM,124,11,0.9829,6.25,-1.5782,0.3324,0.1867,0.8978,-0.01204,True,log_price;feat_acv;disp_acv;si_log;trend;pantry_lag;Halloween;Christmas;Easter;Valentine;SummerDip
Northeast|TOFFEE_BISCUIT_SINGLE,Northeast,TOFFEE_BISCUIT_SINGLE,124,14,0.9868,5.52,-2.2344,0.3335,0.4011,1.0284,-0.01195,True,log_price;feat_acv;disp_acv;si_log;trend;pantry_lag;Halloween;Christmas;Easter;Valentine;SummerDip;INTRA_COMP_1_logprice;INTER_COMP_1_logprice;INTER_COMP_2_logprice
Plains|ARCTIC_MINT_GUM,Plains,ARCTIC_MINT_GUM,124,13,0.9826,4.71,-1.5502,0.2743,0.2598,1.0016,-0.01183,True,log_price;feat_acv;disp_acv;si_log;trend;pantry_lag;Halloween;Christmas;Easter;Valentine;SummerDip;INTRA_COMP_1_logprice;INTER_COMP_1_logprice
Plains|BLISS_SILK_BAR,Plains,BLISS_SILK_BAR,124,13,0.9936,4.37,-2.8189,0.3879,0.2293,1.0436,-0.012,True,log_price;feat_acv;disp_acv;si_log;trend;pantry_lag;Halloween;Christmas;Easter;Valentine;SummerDip;INTER_COMP_1_logprice;INTER_COMP_2_logprice
Plains|CHEWY_BEARS_PEG,Plains,CHEWY_BEARS_PEG,124,11,0.9883,6.01,-2.1564,0.4449,0.3043,1.0267,-0.01234,True,log_price;feat_acv;disp_acv;si_log;trend;pantry_lag;Halloween;Christmas;Easter;Valentine;SummerDip
Plains|CLASSIC_MILK_SINGLE,Plains,CLASSIC_MILK_SINGLE,124,11,0.9895,4.4,-2.4554,0.3767,0.3524,1.0269,-0.01167,True,log_price;feat_acv;disp_acv;si_log;trend;pantry_lag;Halloween;Christmas;Easter;Valentine;SummerDip
Plains|CRISPY_WAFER_SINGLE,Plains,CRISPY_WAFER_SINGLE,124,11,0.9895,5.31,-2.3792,0.3856,0.313,0.9672,-0.01219,True,log_price;feat_acv;disp_acv;si_log;trend;pantry_lag;Halloween;Christmas;Easter;Valentine;SummerDip
Plains|DELUXE_TRUFFLE_SHAREBAG,Plains,DELUXE_TRUFFLE_SHAREBAG,124,11,0.9855,4.46,-1.8124,0.3406,0.268,1.0136,-0.01144,True,log_price;feat_acv;disp_acv;si_log;trend;pantry_lag;Halloween;Christmas;Easter;Valentine;SummerDip
Plains|GOLDEN_MALT_POUCH,Plains,GOLDEN_MALT_POUCH,124,11,0.9895,4.33,-2.1993,0.4717,0.3993,1.0054,-0.01255,True,log_price;feat_acv;disp_acv;si_log;trend;pantry_lag;Halloween;Christmas;Easter;Valentine;SummerDip
Plains|HAPPY_BUTTONS_PEG,Plains,HAPPY_BUTTONS_PEG,124,13,0.9892,5.08,-1.9219,0.5708,0.4082,0.875,-0.01221,True,log_price;feat_acv;disp_acv;si_log;trend;pantry_lag;Halloween;Christmas;Easter;Valentine;SummerDip;INTRA_COMP_1_logprice;INTER_COMP_1_logprice
Plains|ICE_BREEZE_GUM,Plains,ICE_BREEZE_GUM,124,11,0.9829,5.09,-1.8226,0.3065,0.1432,0.9175,-0.01219,True,log_price;feat_acv;disp_acv;si_log;trend;pantry_lag;Halloween;Christmas;Easter;Valentine;SummerDip
Plains|JUICY_CHEWS_PEG,Plains,JUICY_CHEWS_PEG,124,13,0.9887,3.97,-1.9705,0.5264,0.3348,0.7501,-0.01301,True,log_price;feat_acv;disp_acv;si_log;trend;pantry_lag;Halloween;Christmas;Easter;Valentine;SummerDip;INTRA_COMP_1_logprice;INTER_COMP_1_logprice
Plains|NUTTY_CARAMEL_SINGLE,Plains,NUTTY_CARAMEL_SINGLE,124,13,0.9914,4.63,-2.434,0.4591,0.369,1.0246,-0.01212,True,log_price;feat_acv;disp_acv;si_log;trend;pantry_lag;Halloween;Christmas;Easter;Valentine;SummerDip;INTRA_COMP_1_logprice;INTER_COMP_1_logprice
Plains|RAINBOW_SQUARES_PEG,Plains,RAINBOW_SQUARES_PEG,124,11,0.9894,5.28,-2.1045,0.4132,0.3709,1.3353,-0.01177,True,log_price;feat_acv;disp_acv;si_log;trend;pantry_lag;Halloween;Christmas;Easter;Valentine;SummerDip
Plains|SMOOTH_MINT_GUM,Plains,SMOOTH_MINT_GUM,124,11,0.9749,4.84,-1.6352,0.3102,0.1346,0.9237,-0.01179,True,log_price;feat_acv;disp_acv;si_log;trend;pantry_lag;Halloween;Christmas;Easter;Valentine;SummerDip
Plains|TOFFEE_BISCUIT_SINGLE,Plains,TOFFEE_BISCUIT_SINGLE,124,13,0.9863,4.25,-2.4092,0.373,0.2485,1.0528,-0.01178,True,log_price;feat_acv;disp_acv;si_log;trend;pantry_lag;Halloween;Christmas;Easter;Valentine;SummerDip;INTRA_COMP_1_logprice;INTER_COMP_1_logprice
South|ARCTIC_MINT_GUM,South,ARCTIC_MINT_GUM,124,13,0.9796,5.76,-1.6624,0.3316,0.1559,0.7615,-0.01125,True,log_price;feat_acv;disp_acv;si_log;trend;pantry_lag;Halloween;Christmas;Easter;Valentine;SummerDip;INTRA_COMP_1_logprice;INTER_COMP_1_logprice
South|BLISS_SILK_BAR,South,BLISS_SILK_BAR,124,13,0.9923,4.34,-2.7268,0.403,0.2401,0.8365,-0.01272,True,log_price;feat_acv;disp_acv;si_log;trend;pantry_lag;Halloween;Christmas;Easter;Valentine;SummerDip;INTER_COMP_1_logprice;INTER_COMP_2_logprice
South|CHEWY_BEARS_PEG,South,CHEWY_BEARS_PEG,124,11,0.9891,6.09,-2.2032,0.4309,0.3488,0.8504,-0.01111,True,log_price;feat_acv;disp_acv;si_log;trend;pantry_lag;Halloween;Christmas;Easter;Valentine;SummerDip
South|CLASSIC_MILK_SINGLE,South,CLASSIC_MILK_SINGLE,124,11,0.9909,5.48,-2.5327,0.4531,0.23,0.9294,-0.01234,True,log_price;feat_acv;disp_acv;si_log;trend;pantry_lag;Halloween;Christmas;Easter;Valentine;SummerDip
South|CRISPY_WAFER_SINGLE,South,CRISPY_WAFER_SINGLE,124,11,0.9879,4.67,-2.38,0.3828,0.3506,1.1221,-0.01227,True,log_price;feat_acv;disp_acv;si_log;trend;pantry_lag;Halloween;Christmas;Easter;Valentine;SummerDip
South|DELUXE_TRUFFLE_SHAREBAG,South,DELUXE_TRUFFLE_SHAREBAG,124,11,0.9837,4.75,-1.7533,0.377,0.2461,0.967,-0.01215,True,log_price;feat_acv;disp_acv;si_log;trend;pantry_lag;Halloween;Christmas;Easter;Valentine;SummerDip
South|GOLDEN_MALT_POUCH,South,GOLDEN_MALT_POUCH,124,11,0.9866,6.54,-2.0636,0.5018,0.438,0.9186,-0.01176,True,log_price;feat_acv;disp_acv;si_log;trend;pantry_lag;Halloween;Christmas;Easter;Valentine;SummerDip
South|HAPPY_BUTTONS_PEG,South,HAPPY_BUTTONS_PEG,124,13,0.9887,4.69,-1.7313,0.624,0.4462,1.1059,-0.01277,True,log_price;feat_acv;disp_acv;si_log;trend;pantry_lag;Halloween;Christmas;Easter;Valentine;SummerDip;INTRA_COMP_1_logprice;INTER_COMP_1_logprice
South|ICE_BREEZE_GUM,South,ICE_BREEZE_GUM,124,11,0.9805,4.53,-1.609,0.4161,0.1293,0.8408,-0.01108,True,log_price;feat_acv;disp_acv;si_log;trend;pantry_lag;Halloween;Christmas;Easter;Valentine;SummerDip
South|JUICY_CHEWS_PEG,South,JUICY_CHEWS_PEG,124,13,0.9878,4.85,-1.9913,0.4884,0.3685,0.7729,-0.0121,True,log_price;feat_acv;disp_acv;si_log;trend;pantry_lag;Halloween;Christmas;Easter;Valentine;SummerDip;INTRA_COMP_1_logprice;INTER_COMP_1_logprice
South|NUTTY_CARAMEL_SINGLE,South,NUTTY_CARAMEL_SINGLE,124,13,0.9921,5.42,-2.6286,0.4638,0.2112,1.0033,-0.01099,True,log_price;feat_acv;disp_acv;si_log;trend;pantry_lag;Halloween;Christmas;Easter;Valentine;SummerDip;INTRA_COMP_1_logprice;INTER_COMP_1_logprice
South|RAINBOW_SQUARES_PEG,South,RAINBOW_SQUARES_PEG,124,11,0.988,5.59,-2.1116,0.4403,0.3463,1.1225,-0.01282,True,log_price;feat_acv;disp_acv;si_log;trend;pantry_lag;Halloween;Christmas;Easter;Valentine;SummerDip
South|SMOOTH_MINT_GUM,South,SMOOTH_MINT_GUM,124,11,0.9797,6.48,-1.835,0.2975,0.0509,0.9547,-0.01178,True,log_price;feat_acv;disp_acv;si_log;trend;pantry_lag;Halloween;Christmas;Easter;Valentine;SummerDip
South|TOFFEE_BISCUIT_SINGLE,South,TOFFEE_BISCUIT_SINGLE,124,14,0.9894,4.47,-2.3659,0.4093,0.2441,0.9857,-0.01211,True,log_price;feat_acv;disp_acv;si_log;trend;pantry_lag;Halloween;Christmas;Easter;Valentine;SummerDip;INTRA_COMP_1_logprice;INTER_COMP_1_logprice;INTER_COMP_2_logprice
West|ARCTIC_MINT_GUM,West,ARCTIC_MINT_GUM,124,14,0.975,5.51,-1.5971,0.3509,0.1308,1.1109,-0.01233,True,log_price;feat_acv;disp_acv;si_log;trend;pantry_lag;Halloween;Christmas;Easter;Valentine;SummerDip;INTRA_COMP_1_logprice;INTRA_COMP_2_logprice;INTER_COMP_1_logprice
West|BLISS_SILK_BAR,West,BLISS_SILK_BAR,124,13,0.9924,5.98,-2.7295,0.4474,0.2076,0.9811,-0.01195,True,log_price;feat_acv;disp_acv;si_log;trend;pantry_lag;Halloween;Christmas;Easter;Valentine;SummerDip;INTER_COMP_1_logprice;INTER_COMP_2_logprice
West|CHEWY_BEARS_PEG,West,CHEWY_BEARS_PEG,124,11,0.9852,4.29,-2.1721,0.4267,0.3529,1.0928,-0.01264,True,log_price;feat_acv;disp_acv;si_log;trend;pantry_lag;Halloween;Christmas;Easter;Valentine;SummerDip
West|CLASSIC_MILK_SINGLE,West,CLASSIC_MILK_SINGLE,124,11,0.9922,5.05,-2.464,0.402,0.346,0.9633,-0.0118,True,log_price;feat_acv;disp_acv;si_log;trend;pantry_lag;Halloween;Christmas;Easter;Valentine;SummerDip
West|CRISPY_WAFER_SINGLE,West,CRISPY_WAFER_SINGLE,124,11,0.9906,4.68,-2.3333,0.4376,0.29,1.0035,-0.01187,True,log_price;feat_acv;disp_acv;si_log;trend;pantry_lag;Halloween;Christmas;Easter;Valentine;SummerDip
West|DELUXE_TRUFFLE_SHAREBAG,West,DELUXE_TRUFFLE_SHAREBAG,124,11,0.9792,5.14,-1.8001,0.4154,0.1594,0.9927,-0.01234,True,log_price;feat_acv;disp_acv;si_log;trend;pantry_lag;Halloween;Christmas;Easter;Valentine;SummerDip
West|GOLDEN_MALT_POUCH,West,GOLDEN_MALT_POUCH,124,11,0.9909,5.9,-2.0754,0.4308,0.4408,0.9948,-0.01168,True,log_price;feat_acv;disp_acv;si_log;trend;pantry_lag;Halloween;Christmas;Easter;Valentine;SummerDip
West|HAPPY_BUTTONS_PEG,West,HAPPY_BUTTONS_PEG,124,14,0.991,5.18,-1.8525,0.6573,0.3423,0.9419,-0.01215,True,log_price;feat_acv;disp_acv;si_log;trend;pantry_lag;Halloween;Christmas;Easter;Valentine;SummerDip;INTRA_COMP_1_logprice;INTRA_COMP_2_logprice;INTER_COMP_1_logprice
West|ICE_BREEZE_GUM,West,ICE_BREEZE_GUM,124,11,0.9852,4.71,-1.713,0.2524,0.2121,0.9933,-0.0118,True,log_price;feat_acv;disp_acv;si_log;trend;pantry_lag;Halloween;Christmas;Easter;Valentine;SummerDip
West|JUICY_CHEWS_PEG,West,JUICY_CHEWS_PEG,124,13,0.9907,6.25,-2.1169,0.4553,0.3605,0.9135,-0.01113,True,log_price;feat_acv;disp_acv;si_log;trend;pantry_lag;Halloween;Christmas;Easter;Valentine;SummerDip;INTRA_COMP_1_logprice;INTER_COMP_1_logprice
West|NUTTY_CARAMEL_SINGLE,West,NUTTY_CARAMEL_SINGLE,124,13,0.9908,4.18,-2.7165,0.3976,0.2858,0.9682,-0.01171,True,log_price;feat_acv;disp_acv;si_log;trend;pantry_lag;Halloween;Christmas;Easter;Valentine;SummerDip;INTRA_COMP_1_logprice;INTER_COMP_1_logprice
West|RAINBOW_SQUARES_PEG,West,RAINBOW_SQUARES_PEG,124,11,0.9859,5.23,-1.9091,0.5117,0.335,0.8836,-0.01303,True,log_price;feat_acv;disp_acv;si_log;trend;pantry_lag;Halloween;Christmas;Easter;Valentine;SummerDip
West|SMOOTH_MINT_GUM,West,SMOOTH_MINT_GUM,124,11,0.9787,3.93,-1.6802,0.2924,0.1389,0.9956,-0.01226,True,log_price;feat_acv;disp_acv;si_log;trend;pantry_lag;Halloween;Christmas;Easter;Valentine;SummerDip
West|TOFFEE_BISCUIT_SINGLE,West,TOFFEE_BISCUIT_SINGLE,124,13,0.9896,5.07,-2.3263,0.3506,0.3159,0.9959,-0.01207,True,log_price;feat_acv;disp_acv;si_log;trend;pantry_lag;Halloween;Christmas;Easter;Valentine;SummerDip;INTRA_COMP_1_logprice;INTER_COMP_1_logprice
