cta_ppg,cta,ppg,current_profit,optimised_profit,uplift_pct,current_promo_weeks,optimised_promo_weeks,current_avg_depth_pct,optimised_avg_depth_pct,current_trade_spend,optimised_trade_spend
South|HAPPY_BUTTONS_PEG,South,HAPPY_BUTTONS_PEG,1627556.0,1921442.0,18.1,51,51,21.8,10.0,754681.0,334971.0
Plains|HAPPY_BUTTONS_PEG,Plains,HAPPY_BUTTONS_PEG,1681202.0,1977094.0,17.6,55,55,23.8,10.0,983233.0,346481.0
GreatLakes|HAPPY_BUTTONS_PEG,GreatLakes,HAPPY_BUTTONS_PEG,1800762.0,2109657.0,17.2,49,49,23.2,10.0,901696.0,347295.0
South|GOLDEN_MALT_POUCH,South,GOLDEN_MALT_POUCH,889130.0,1038913.0,16.8,45,45,24.2,10.0,496991.0,160709.0
Northeast|HAPPY_BUTTONS_PEG,Northeast,HAPPY_BUTTONS_PEG,1582554.0,1841554.0,16.4,47,47,23.0,10.0,723354.0,298214.0
GreatLakes|JUICY_CHEWS_PEG,GreatLakes,JUICY_CHEWS_PEG,1258726.0,1464784.0,16.4,54,54,24.1,10.0,697335.0,240088.0
West|HAPPY_BUTTONS_PEG,West,HAPPY_BUTTONS_PEG,1820860.0,2109305.0,15.8,50,50,22.7,10.0,822988.0,353923.0
South|JUICY_CHEWS_PEG,South,JUICY_CHEWS_PEG,1080757.0,1249420.0,15.6,48,48,23.8,10.0,528702.0,190331.0
GreatLakes|GOLDEN_MALT_POUCH,GreatLakes,GOLDEN_MALT_POUCH,1077075.0,1236452.0,14.8,48,48,22.9,10.0,496268.0,199689.0
Northeast|GOLDEN_MALT_POUCH,Northeast,GOLDEN_MALT_POUCH,929623.0,1065580.0,14.6,57,57,21.6,10.0,477699.0,191188.0
Northeast|NUTTY_CARAMEL_SINGLE,Northeast,NUTTY_CARAMEL_SINGLE,889319.0,1016838.0,14.3,54,54,24.3,10.0,541105.0,179875.0
GreatLakes|TOFFEE_BISCUIT_SINGLE,GreatLakes,TOFFEE_BISCUIT_SINGLE,774453.0,883396.0,14.1,45,45,22.9,10.0,372146.0,136837.0
West|GOLDEN_MALT_POUCH,West,GOLDEN_MALT_POUCH,1044582.0,1191680.0,14.1,43,43,23.0,10.0,477865.0,176857.0
West|JUICY_CHEWS_PEG,West,JUICY_CHEWS_PEG,1259025.0,1433001.0,13.8,47,47,22.9,10.0,594121.0,216784.0
Plains|GOLDEN_MALT_POUCH,Plains,GOLDEN_MALT_POUCH,1047000.0,1190888.0,13.7,56,56,21.1,10.0,533373.0,213262.0
GreatLakes|NUTTY_CARAMEL_SINGLE,GreatLakes,NUTTY_CARAMEL_SINGLE,1037214.0,1177842.0,13.6,58,58,22.1,10.0,612028.0,216201.0
Plains|JUICY_CHEWS_PEG,Plains,JUICY_CHEWS_PEG,1212563.0,1374580.0,13.4,46,46,22.1,10.0,531967.0,206765.0
West|ICE_BREEZE_GUM,West,ICE_BREEZE_GUM,434660.0,491399.0,13.1,58,58,22.7,10.0,203456.0,73745.0
South|TOFFEE_BISCUIT_SINGLE,South,TOFFEE_BISCUIT_SINGLE,661703.0,745088.0,12.6,47,47,23.3,10.0,310659.0,114265.0
Plains|ARCTIC_MINT_GUM,Plains,ARCTIC_MINT_GUM,656036.0,738086.0,12.5,46,46,23.0,10.0,249704.0,94712.0
Plains|NUTTY_CARAMEL_SINGLE,Plains,NUTTY_CARAMEL_SINGLE,960980.0,1081066.0,12.5,48,48,22.3,10.0,452004.0,173588.0
Northeast|TOFFEE_BISCUIT_SINGLE,Northeast,TOFFEE_BISCUIT_SINGLE,667309.0,750414.0,12.5,51,51,21.4,10.0,296045.0,120999.0
West|BLISS_SILK_BAR,West,BLISS_SILK_BAR,537925.0,604495.0,12.4,55,55,23.5,10.0,352689.0,105152.0
Northeast|JUICY_CHEWS_PEG,Northeast,JUICY_CHEWS_PEG,1076081.0,1203009.0,11.8,43,43,22.5,10.0,438605.0,164758.0
Plains|BLISS_SILK_BAR,Plains,BLISS_SILK_BAR,503413.0,561598.0,11.6,56,56,23.4,10.0,342724.0,97753.0
South|ICE_BREEZE_GUM,South,ICE_BREEZE_GUM,387853.0,432038.0,11.4,54,54,22.1,10.0,151555.0,61713.0
Northeast|ARCTIC_MINT_GUM,Northeast,ARCTIC_MINT_GUM,605196.0,673470.0,11.3,52,52,21.9,10.0,233332.0,93626.0
GreatLakes|ARCTIC_MINT_GUM,GreatLakes,ARCTIC_MINT_GUM,714306.0,792098.0,10.9,47,47,22.1,10.0,239410.0,104289.0
GreatLakes|BLISS_SILK_BAR,GreatLakes,BLISS_SILK_BAR,551217.0,610219.0,10.7,60,60,23.3,10.0,363800.0,111103.0
GreatLakes|ICE_BREEZE_GUM,GreatLakes,ICE_BREEZE_GUM,448937.0,496788.0,10.7,50,50,22.4,10.0,168217.0,65289.0
West|NUTTY_CARAMEL_SINGLE,West,NUTTY_CARAMEL_SINGLE,1009951.0,1115964.0,10.5,48,48,22.9,10.0,515871.0,177566.0
Plains|ICE_BREEZE_GUM,Plains,ICE_BREEZE_GUM,416910.0,460564.0,10.5,51,51,21.7,10.0,164817.0,62958.0
South|NUTTY_CARAMEL_SINGLE,South,NUTTY_CARAMEL_SINGLE,875742.0,966631.0,10.4,47,47,23.1,10.0,426583.0,149652.0
Northeast|BLISS_SILK_BAR,Northeast,BLISS_SILK_BAR,476988.0,526561.0,10.4,59,59,21.7,10.0,274294.0,95241.0
West|ARCTIC_MINT_GUM,West,ARCTIC_MINT_GUM,689341.0,759749.0,10.2,46,46,22.6,10.0,230225.0,95365.0
South|BLISS_SILK_BAR,South,BLISS_SILK_BAR,473163.0,519389.0,9.8,47,47,22.1,10.0,221797.0,80873.0
West|TOFFEE_BISCUIT_SINGLE,West,TOFFEE_BISCUIT_SINGLE,755119.0,826442.0,9.4,38,38,23.5,10.0,267579.0,108899.0
Plains|TOFFEE_BISCUIT_SINGLE,Plains,TOFFEE_BISCUIT_SINGLE,722508.0,788531.0,9.1,40,40,21.1,10.0,254269.0,107831.0
South|ARCTIC_MINT_GUM,South,ARCTIC_MINT_GUM,606402.0,660470.0,8.9,40,40,22.6,10.0,178970.0,76169.0
Northeast|ICE_BREEZE_GUM,Northeast,ICE_BREEZE_GUM,394205.0,429431.0,8.9,51,51,21.0,10.0,129136.0,57606.0
