category,ppg,brand,manufacturer,avg_price,avg_base_price,avg_discount_pct,units,market_share_pct
Chocolate,CLASSIC_MILK_SINGLE,Classic Milk,BROOKFIELD,1.16,1.25,7.4,11715209,17.6
Chocolate,CRISPY_WAFER_SINGLE,Crispy Wafer,ALPINE,1.19,1.29,7.6,10970551,16.4
Chocolate,NUTTY_CARAMEL_SINGLE,Nutty Caramel,CRESTLINE,1.19,1.29,7.5,12685259,19.0
Chocolate,TOFFEE_BISCUIT_SINGLE,Toffee Biscuit,CRESTLINE,1.21,1.29,6.4,8902050,13.3
Chocolate,BLISS_SILK_BAR,Bliss Silk,CRESTLINE,1.37,1.49,8.1,5996376,9.0
Chocolate,GOLDEN_MALT_POUCH,Golden Malt,CRESTLINE,3.05,3.2899999999999996,7.2,5106700,7.7
Chocolate,HAPPY_BUTTONS_PEG,Happy Buttons,CRESTLINE,3.23,3.49,7.4,8150007,12.2
Chocolate,DELUXE_TRUFFLE_SHAREBAG,Deluxe Truffle,SWISSGOLD,4.17,4.49,7.2,3196432,4.8
Fruity,CHEWY_BEARS_PEG,Chewy Bears,BAYLEAF,2.78,2.99,6.9,5286229,31.0
Fruity,RAINBOW_SQUARES_PEG,Rainbow Squares,KESTREL,2.89,3.09,6.3,5689777,33.3
Fruity,JUICY_CHEWS_PEG,Juicy Chews,CRESTLINE,2.96,3.19,7.1,6098912,35.7
Gum,SMOOTH_MINT_GUM,Smooth Mint,HARTWELL,1.57,1.6900000000000002,7.0,4728067,34.2
Gum,ICE_BREEZE_GUM,Ice Breeze,CRESTLINE,1.66,1.79,7.4,3590091,26.0
Gum,ARCTIC_MINT_GUM,Arctic Mint,CRESTLINE,1.67,1.79,6.6,5492322,39.8
