ppg,manufacturer,brand,category,promo_weeks,total_units,incremental_units,trade_spend,incremental_profit,roi,lift_pct,rev_per_trade_dollar
RAINBOW_SQUARES_PEG,KESTREL,Rainbow Squares,Fruity,230,5689777,1692671.0,2101544.0,942449.0,0.45,42.3,2.33
HAPPY_BUTTONS_PEG,CRESTLINE,Happy Buttons,Chocolate,252,8150007,2952224.0,3926216.0,1739506.0,0.44,56.8,2.43
GOLDEN_MALT_POUCH,CRESTLINE,Golden Malt,Chocolate,249,5106700,1795090.0,2362496.0,988375.0,0.42,54.2,2.32
NUTTY_CARAMEL_SINGLE,CRESTLINE,Nutty Caramel,Chocolate,255,12685259,5028663.0,2398584.0,1016397.0,0.42,65.7,2.5
TOFFEE_BISCUIT_SINGLE,CRESTLINE,Toffee Biscuit,Chocolate,221,8902050,2853697.0,1422184.0,595389.0,0.42,47.2,2.42
CHEWY_BEARS_PEG,BAYLEAF,Chewy Bears,Fruity,238,5286229,1686962.0,2055954.0,846164.0,0.41,46.9,2.28
CLASSIC_MILK_SINGLE,BROOKFIELD,Classic Milk,Chocolate,250,11715209,4162463.0,2068047.0,833362.0,0.4,55.1,2.33
JUICY_CHEWS_PEG,CRESTLINE,Juicy Chews,Fruity,238,6098912,2037613.0,2612683.0,1038262.0,0.4,50.2,2.31
BLISS_SILK_BAR,CRESTLINE,Bliss Silk,Chocolate,277,5996376,2464231.0,1418176.0,557767.0,0.39,69.8,2.38
CRISPY_WAFER_SINGLE,ALPINE,Crispy Wafer,Chocolate,261,10970551,3871041.0,2072296.0,779739.0,0.38,54.5,2.23
ARCTIC_MINT_GUM,CRESTLINE,Arctic Mint,Gum,231,5492322,1226316.0,1057066.0,366536.0,0.35,28.7,1.94
DELUXE_TRUFFLE_SHAREBAG,SWISSGOLD,Deluxe Truffle,Chocolate,248,3196432,847300.0,1794447.0,608233.0,0.34,36.1,1.97
ICE_BREEZE_GUM,CRESTLINE,Ice Breeze,Gum,264,3590091,803639.0,752439.0,246582.0,0.33,28.8,1.77
SMOOTH_MINT_GUM,HARTWELL,Smooth Mint,Gum,238,4728067,1013475.0,916384.0,272892.0,0.3,27.3,1.74
