ppg,Base,Price,Feature,Display,Pantry,Competition,Actual
ARCTIC_MINT_GUM,4863941.0,775270.0,412137.0,228827.0,-421275.0,-356579.0,5492322.0
BLISS_SILK_BAR,3989285.0,1744043.0,711550.0,429371.0,-621146.0,-247890.0,5996376.0
CHEWY_BEARS_PEG,3766667.0,929328.0,553259.0,461449.0,-427537.0,0.0,5286229.0
CLASSIC_MILK_SINGLE,7927364.0,2535959.0,1273589.0,879479.0,-902646.0,0.0,11715209.0
CRISPY_WAFER_SINGLE,7430462.0,2330462.0,1111464.0,909526.0,-862712.0,0.0,10970551.0
DELUXE_TRUFFLE_SHAREBAG,2469325.0,510610.0,273691.0,182950.0,-240662.0,0.0,3196432.0
GOLDEN_MALT_POUCH,3468950.0,880797.0,591037.0,545190.0,-401000.0,0.0,5106700.0
HAPPY_BUTTONS_PEG,5927394.0,1303906.0,1179994.0,914897.0,-723956.0,-470982.0,8150007.0
ICE_BREEZE_GUM,2914206.0,564327.0,248410.0,149051.0,-294431.0,0.0,3590091.0
JUICY_CHEWS_PEG,4437142.0,1042693.0,745792.0,550590.0,-496275.0,-194976.0,6098912.0
NUTTY_CARAMEL_SINGLE,8959734.0,3104934.0,1516184.0,1022627.0,-1037485.0,-892792.0,12685259.0
RAINBOW_SQUARES_PEG,4155929.0,848454.0,569775.0,462822.0,-379096.0,0.0,5689777.0
SMOOTH_MINT_GUM,3896444.0,724815.0,336401.0,138263.0,-365160.0,0.0,4728067.0
TOFFEE_BISCUIT_SINGLE,6966860.0,1703336.0,798514.0,705647.0,-652508.0,-635689.0,8902050.0
TOTAL,71173704.0,18998934.0,10321796.0,7580689.0,-7825890.0,-2798909.0,97607982.0
